"numero_processo","classe","data_ajuizamento","ultima_atualizacao","formato","codigo","orgao_julgador","municipio","grau","assuntos","movimentos","sort"
"00001209819708190031","Busca e Apreensão em Alienação Fiduciária","1970-05-08T00:00:00.000Z","2023-07-17T08:47:53.251Z","Físico",7324,"MARICA 1 VARA CIVEL",,"G1","[{""codigo"":9582,""nome"":""Alienação Fiduciária""}]","[{""complementosTabelados"":[{""codigo"":2,""valor"":1,""nome"":""competência exclusiva"",""descricao"":""tipo_de_distribuicao_redistribuicao""}],""codigo"":26,""nome"":""Distribuição"",""dataHora"":""1970-05-08T00:00:00.000Z""},{""codigo"":246,""nome"":""Definitivo"",""dataHora"":""1975-06-19T10:45:17.000Z""}]",10972800000
"00000343019708190031","Busca e Apreensão em Alienação Fiduciária","1970-07-21T00:00:00.000Z","2023-07-17T09:42:01.515Z","Físico",7324,"MARICA 1 VARA CIVEL",,"G1","[{""codigo"":9582,""nome"":""Alienação Fiduciária""}]","[{""complementosTabelados"":[{""codigo"":2,""valor"":1,""nome"":""competência exclusiva"",""descricao"":""tipo_de_distribuicao_redistribuicao""}],""codigo"":26,""nome"":""Distribuição"",""dataHora"":""1970-07-21T00:00:00.000Z""},{""codigo"":246,""nome"":""Definitivo"",""dataHora"":""1971-01-26T14:44:58.000Z""}]",17366400000
"00000434619728190055","Busca e Apreensão em Alienação Fiduciária","1972-09-26T00:00:00.000Z","2023-07-17T09:54:53.588Z","Físico",7930,"SAO PEDRO DA ALDEIA 1 VARA",,"G1","[{""codigo"":9582,""nome"":""Alienação Fiduciária""}]","[{""complementosTabelados"":[{""codigo"":2,""valor"":1,""nome"":""competência exclusiva"",""descricao"":""tipo_de_distribuicao_redistribuicao""}],""codigo"":26,""nome"":""Distribuição"",""dataHora"":""1972-09-26T00:00:00.000Z""},{""codigo"":246,""nome"":""Definitivo"",""dataHora"":""2005-12-19T10:19:59.000Z""}]",86313600000
"00000539019728190055","Busca e Apreensão em Alienação Fiduciária","1972-09-26T00:00:00.000Z","2023-07-17T08:29:32.568Z","Físico",7930,"SAO PEDRO DA ALDEIA 1 VARA",,"G1","[{""codigo"":9582,""nome"":""Alienação Fiduciária""}]","[{""complementosTabelados"":[{""codigo"":2,""valor"":1,""nome"":""competência exclusiva"",""descricao"":""tipo_de_distribuicao_redistribuicao""}],""codigo"":26,""nome"":""Distribuição"",""dataHora"":""1972-09-26T00:00:00.000Z""},{""codigo"":246,""nome"":""Definitivo"",""dataHora"":""2006-01-14T16:16:02.000Z""}]",86313600000
"00000478319728190055","Busca e Apreensão em Alienação Fiduciária","1972-11-06T00:00:00.000Z","2023-07-17T09:22:37.373Z","Físico",7930,"SAO PEDRO DA ALDEIA 1 VARA",,"G1","[{""codigo"":9582,""nome"":""Alienação Fiduciária""}]","[{""complementosTabelados"":[{""codigo"":2,""valor"":1,""nome"":""competência exclusiva"",""descricao"":""tipo_de_distribuicao_redistribuicao""}],""codigo"":26,""nome"":""Distribuição"",""dataHora"":""1972-11-06T00:00:00.000Z""},{""codigo"":246,""nome"":""Definitivo"",""dataHora"":""2006-01-10T15:56:45.000Z""}]",89856000000
"00000070419728190055","Busca e Apreensão em Alienação Fiduciária","1972-11-27T00:00:00.000Z","2023-07-17T08:59:50.024Z","Físico",7930,"SAO PEDRO DA ALDEIA 1 VARA",,"G1","[{""codigo"":9582,""nome"":""Alienação Fiduciária""}]","[{""complementosTabelados"":[{""codigo"":2,""valor"":1,""nome"":""competência exclusiva"",""descricao"":""tipo_de_distribuicao_redistribuicao""}],""codigo"":26,""nome"":""Distribuição"",""dataHora"":""1972-11-27T00:00:00.000Z""},{""codigo"":246,""nome"":""Definitivo"",""dataHora"":""2005-12-02T10:59:42.000Z""}]",91670400000
"00000451619728190055","Busca e Apreensão em Alienação Fiduciária","1972-11-27T00:00:00.000Z","2023-07-17T08:26:14.849Z","Físico",7930,"SAO PEDRO DA ALDEIA 1 VARA",,"G1","[{""codigo"":9582,""nome"":""Alienação Fiduciária""}]","[{""complementosTabelados"":[{""codigo"":2,""valor"":1,""nome"":""competência exclusiva"",""descricao"":""tipo_de_distribuicao_redistribuicao""}],""codigo"":26,""nome"":""Distribuição"",""dataHora"":""1972-11-27T00:00:00.000Z""},{""codigo"":246,""nome"":""Definitivo"",""dataHora"":""2005-12-19T11:30:22.000Z""}]",91670400000
"00000648519738190055","Busca e Apreensão em Alienação Fiduciária","1973-01-19T00:00:00.000Z","2023-07-17T08:55:23.025Z","Físico",7930,"SAO PEDRO DA ALDEIA 1 VARA",,"G1","[{""codigo"":9582,""nome"":""Alienação Fiduciária""}]","[{""complementosTabelados"":[{""codigo"":2,""valor"":1,""nome"":""competência exclusiva"",""descricao"":""tipo_de_distribuicao_redistribuicao""}],""codigo"":26,""nome"":""Distribuição"",""dataHora"":""1973-01-19T00:00:00.000Z""},{""codigo"":246,""nome"":""Definitivo"",""dataHora"":""2006-01-14T13:55:24.000Z""}]",96249600000
"00000518619738190055","Busca e Apreensão em Alienação Fiduciária","1973-08-08T00:00:00.000Z","2023-07-17T09:12:59.120Z","Físico",7930,"SAO PEDRO DA ALDEIA 1 VARA",,"G1","[{""codigo"":9582,""nome"":""Alienação Fiduciária""}]","[{""complementosTabelados"":[{""codigo"":2,""valor"":1,""nome"":""competência exclusiva"",""descricao"":""tipo_de_distribuicao_redistribuicao""}],""codigo"":26,""nome"":""Distribuição"",""dataHora"":""1973-08-08T00:00:00.000Z""},{""codigo"":246,""nome"":""Definitivo"",""dataHora"":""2005-12-16T11:17:11.000Z""}]",113616000000
"00000206619738190055","Busca e Apreensão em Alienação Fiduciária","1973-09-27T00:00:00.000Z","2023-07-17T09:28:16.857Z","Físico",7930,"SAO PEDRO DA ALDEIA 1 VARA",,"G1","[{""codigo"":9582,""nome"":""Alienação Fiduciária""}]","[{""complementosTabelados"":[{""codigo"":2,""valor"":1,""nome"":""competência exclusiva"",""descricao"":""tipo_de_distribuicao_redistribuicao""}],""codigo"":26,""nome"":""Distribuição"",""dataHora"":""1973-09-27T00:00:00.000Z""},{""codigo"":246,""nome"":""Definitivo"",""dataHora"":""2005-12-02T11:11:24.000Z""}]",117936000000
"00003500419748190031","Busca e Apreensão em Alienação Fiduciária","1974-11-19T00:00:00.000Z","2023-07-17T09:58:26.892Z","Físico",7324,"MARICA 1 VARA CIVEL",,"G1","[{""codigo"":9582,""nome"":""Alienação Fiduciária""}]","[{""complementosTabelados"":[{""codigo"":2,""valor"":1,""nome"":""competência exclusiva"",""descricao"":""tipo_de_distribuicao_redistribuicao""}],""codigo"":26,""nome"":""Distribuição"",""dataHora"":""1974-11-19T00:00:00.000Z""},{""codigo"":246,""nome"":""Definitivo"",""dataHora"":""1975-04-28T15:11:07.000Z""}]",154051200000
"00000823819758190055","Busca e Apreensão em Alienação Fiduciária","1975-01-20T00:00:00.000Z","2023-07-17T08:56:56.369Z","Físico",7930,"SAO PEDRO DA ALDEIA 1 VARA",,"G1","[{""codigo"":9582,""nome"":""Alienação Fiduciária""}]","[{""complementosTabelados"":[{""codigo"":2,""valor"":1,""nome"":""competência exclusiva"",""descricao"":""tipo_de_distribuicao_redistribuicao""}],""codigo"":26,""nome"":""Distribuição"",""dataHora"":""1975-01-20T00:00:00.000Z""},{""codigo"":246,""nome"":""Definitivo"",""dataHora"":""2005-12-29T15:38:03.000Z""}]",159408000000
"00000191319758190055","Busca e Apreensão em Alienação Fiduciária","1975-09-11T00:00:00.000Z","2023-07-17T09:53:13.378Z","Físico",7930,"SAO PEDRO DA ALDEIA 1 VARA",,"G1","[{""codigo"":9582,""nome"":""Alienação Fiduciária""}]","[{""complementosTabelados"":[{""codigo"":2,""valor"":1,""nome"":""competência exclusiva"",""descricao"":""tipo_de_distribuicao_redistribuicao""}],""codigo"":26,""nome"":""Distribuição"",""dataHora"":""1975-09-11T00:00:00.000Z""},{""codigo"":246,""nome"":""Definitivo"",""dataHora"":""2005-12-01T11:48:51.000Z""}]",179625600000
"00023534819768190002","Busca e Apreensão em Alienação Fiduciária","1976-05-19T00:00:00.000Z","2023-07-17T08:24:30.291Z","Físico",7554,"NITEROI 3 VARA CIVEL",,"G1","[{""codigo"":9582,""nome"":""Alienação Fiduciária""}]","[{""complementosTabelados"":[{""codigo"":2,""valor"":1,""nome"":""competência exclusiva"",""descricao"":""tipo_de_distribuicao_redistribuicao""}],""codigo"":26,""nome"":""Distribuição"",""dataHora"":""1976-05-19T00:00:00.000Z""},{""codigo"":246,""nome"":""Definitivo"",""dataHora"":""1989-05-30T09:28:37.000Z""}]",201312000000
"00001424919768190031","Busca e Apreensão em Alienação Fiduciária","1976-08-04T00:00:00.000Z","2023-07-17T09:56:28.688Z","Físico",7324,"MARICA 1 VARA CIVEL",,"G1","[{""codigo"":9582,""nome"":""Alienação Fiduciária""}]","[{""complementosTabelados"":[{""codigo"":2,""valor"":1,""nome"":""competência exclusiva"",""descricao"":""tipo_de_distribuicao_redistribuicao""}],""codigo"":26,""nome"":""Distribuição"",""dataHora"":""1976-08-04T00:00:00.000Z""},{""codigo"":246,""nome"":""Definitivo"",""dataHora"":""1980-03-05T11:29:59.000Z""}]",207964800000
"00001098419768190055","Busca e Apreensão em Alienação Fiduciária","1976-10-06T00:00:00.000Z","2023-07-17T08:49:53.009Z","Físico",7930,"SAO PEDRO DA ALDEIA 1 VARA",,"G1","[{""codigo"":9582,""nome"":""Alienação Fiduciária""}]","[{""complementosTabelados"":[{""codigo"":2,""valor"":1,""nome"":""competência exclusiva"",""descricao"":""tipo_de_distribuicao_redistribuicao""}],""codigo"":26,""nome"":""Distribuição"",""dataHora"":""1976-10-06T00:00:00.000Z""},{""codigo"":246,""nome"":""Definitivo"",""dataHora"":""2006-01-09T17:29:11.000Z""}]",213408000000
"00001086519778190055","Busca e Apreensão em Alienação Fiduciária","1977-03-27T00:00:00.000Z","2023-07-17T08:53:40.884Z","Físico",7930,"SAO PEDRO DA ALDEIA 1 VARA",,"G1","[{""codigo"":9582,""nome"":""Alienação Fiduciária""}]","[{""complementosTabelados"":[{""codigo"":2,""valor"":1,""nome"":""competência exclusiva"",""descricao"":""tipo_de_distribuicao_redistribuicao""}],""codigo"":26,""nome"":""Distribuição"",""dataHora"":""1977-03-27T00:00:00.000Z""},{""codigo"":246,""nome"":""Definitivo"",""dataHora"":""2005-12-19T10:40:05.000Z""}]",228268800000
"00074202319788190002","Busca e Apreensão em Alienação Fiduciária","1978-10-05T00:00:00.000Z","2023-07-17T08:46:40.888Z","Físico",7554,"NITEROI 3 VARA CIVEL",,"G1","[{""codigo"":9582,""nome"":""Alienação Fiduciária""}]","[{""complementosTabelados"":[{""codigo"":2,""valor"":1,""nome"":""competência exclusiva"",""descricao"":""tipo_de_distribuicao_redistribuicao""}],""codigo"":26,""nome"":""Distribuição"",""dataHora"":""1978-10-05T00:00:00.000Z""},{""codigo"":246,""nome"":""Definitivo"",""dataHora"":""1991-09-25T10:31:11.000Z""}]",276393600000
"00176627319808190001","Busca e Apreensão em Alienação Fiduciária","1980-02-11T00:00:00.000Z","2023-07-17T09:51:52.195Z","Físico",7791,"CAPITAL 10 VARA CIVEL",,"G1","[{""codigo"":9582,""nome"":""Alienação Fiduciária""}]","[{""complementosTabelados"":[{""codigo"":2,""valor"":1,""nome"":""competência exclusiva"",""descricao"":""tipo_de_distribuicao_redistribuicao""}],""codigo"":26,""nome"":""Distribuição"",""dataHora"":""1980-02-11T00:00:00.000Z""},{""codigo"":246,""nome"":""Definitivo"",""dataHora"":""1980-10-10T13:40:43.000Z""}]",319075200000
"00154914619808190001","Busca e Apreensão em Alienação Fiduciária","1980-02-14T00:00:00.000Z","2023-07-17T09:39:23.037Z","Físico",7585,"CAPITAL 1 VARA CIVEL",,"G1","[{""codigo"":9582,""nome"":""Alienação Fiduciária""}]","[{""complementosTabelados"":[{""codigo"":2,""valor"":1,""nome"":""competência exclusiva"",""descricao"":""tipo_de_distribuicao_redistribuicao""}],""codigo"":26,""nome"":""Distribuição"",""dataHora"":""1980-02-14T00:00:00.000Z""},{""complementosTabelados"":[{""codigo"":3,""valor"":36,""nome"":""para julgamento"",""descricao"":""tipo_de_conclusao""}],""codigo"":51,""nome"":""Conclusão"",""dataHora"":""2012-07-20T17:08:43.000Z""},{""codigo"":92,""nome"":""Publicação"",""dataHora"":""2012-07-20T17:08:43.000Z""},{""codigo"":1061,""nome"":""Disponibilização no Diário da Justiça Eletrônico"",""dataHora"":""2012-08-13T00:00:00.000Z""},{""codigo"":848,""nome"":""Trânsito em julgado"",""dataHora"":""2012-09-25T11:00:03.000Z""},{""codigo"":245,""nome"":""Provisório"",""dataHora"":""1980-06-03T15:23:10.000Z""},{""codigo"":461,""nome"":""Ausência das condições da ação"",""dataHora"":""2012-07-20T17:08:43.000Z""},{""codigo"":246,""nome"":""Definitivo"",""dataHora"":""2014-04-12T17:15:47.000Z""}]",319334400000
"00019434819808190002","Busca e Apreensão em Alienação Fiduciária","1980-02-14T00:00:00.000Z","2023-07-17T09:30:56.663Z","Físico",7580,"NITEROI 4 VARA CIVEL",,"G1","[{""codigo"":9582,""nome"":""Alienação Fiduciária""}]","[{""complementosTabelados"":[{""codigo"":2,""valor"":1,""nome"":""competência exclusiva"",""descricao"":""tipo_de_distribuicao_redistribuicao""}],""codigo"":26,""nome"":""Distribuição"",""dataHora"":""1980-02-14T00:00:00.000Z""},{""codigo"":246,""nome"":""Definitivo"",""dataHora"":""1980-04-29T09:47:31.000Z""}]",319334400000
"00230080519808190001","Busca e Apreensão em Alienação Fiduciária","1980-02-28T00:00:00.000Z","2023-07-17T09:44:04.641Z","Físico",7213,"CAPITAL 24 VARA CIVEL",,"G1","[{""codigo"":9582,""nome"":""Alienação Fiduciária""}]","[{""complementosTabelados"":[{""codigo"":2,""valor"":1,""nome"":""competência exclusiva"",""descricao"":""tipo_de_distribuicao_redistribuicao""}],""codigo"":26,""nome"":""Distribuição"",""dataHora"":""1980-02-28T00:00:00.000Z""},{""codigo"":135,""nome"":""Apensamento"",""dataHora"":""1984-05-21T15:41:17.000Z""},{""codigo"":246,""nome"":""Definitivo"",""dataHora"":""1984-05-21T15:41:17.000Z""}]",320544000000
"00019252719808190002","Busca e Apreensão em Alienação Fiduciária","1980-03-04T00:00:00.000Z","2023-07-17T09:44:51.833Z","Físico",7580,"NITEROI 4 VARA CIVEL",,"G1","[{""codigo"":9582,""nome"":""Alienação Fiduciária""}]","[{""complementosTabelados"":[{""codigo"":2,""valor"":1,""nome"":""competência exclusiva"",""descricao"":""tipo_de_distribuicao_redistribuicao""}],""codigo"":26,""nome"":""Distribuição"",""dataHora"":""1980-03-04T00:00:00.000Z""},{""codigo"":246,""nome"":""Definitivo"",""dataHora"":""1980-03-11T15:38:24.000Z""}]",320976000000
"00014532619808190002","Busca e Apreensão em Alienação Fiduciária","1980-03-17T00:00:00.000Z","2023-07-17T09:56:32.872Z","Físico",7527,"NITEROI 2 VARA CIVEL",,"G1","[{""codigo"":9582,""nome"":""Alienação Fiduciária""}]","[{""complementosTabelados"":[{""codigo"":2,""valor"":1,""nome"":""competência exclusiva"",""descricao"":""tipo_de_distribuicao_redistribuicao""}],""codigo"":26,""nome"":""Distribuição"",""dataHora"":""1980-03-17T00:00:00.000Z""},{""codigo"":246,""nome"":""Definitivo"",""dataHora"":""1981-10-08T10:55:04.000Z""}]",322099200000
"00142841219808190001","Busca e Apreensão em Alienação Fiduciária","1980-03-24T00:00:00.000Z","2023-07-17T08:51:48.469Z","Físico",7585,"CAPITAL 1 VARA CIVEL",,"G1","[{""codigo"":9582,""nome"":""Alienação Fiduciária""}]","[{""complementosTabelados"":[{""codigo"":2,""valor"":1,""nome"":""competência exclusiva"",""descricao"":""tipo_de_distribuicao_redistribuicao""}],""codigo"":26,""nome"":""Distribuição"",""dataHora"":""1980-03-24T00:00:00.000Z""},{""complementosTabelados"":[{""codigo"":3,""valor"":36,""nome"":""para julgamento"",""descricao"":""tipo_de_conclusao""}],""codigo"":51,""nome"":""Conclusão"",""dataHora"":""2012-07-20T16:20:02.000Z""},{""codigo"":92,""nome"":""Publicação"",""dataHora"":""2012-07-20T16:20:02.000Z""},{""codigo"":1061,""nome"":""Disponibilização no Diário da Justiça Eletrônico"",""dataHora"":""2012-08-13T00:00:00.000Z""},{""codigo"":848,""nome"":""Trânsito em julgado"",""dataHora"":""2012-09-25T10:56:48.000Z""},{""codigo"":245,""nome"":""Provisório"",""dataHora"":""1980-09-25T10:48:30.000Z""},{""codigo"":461,""nome"":""Ausência das condições da ação"",""dataHora"":""2012-07-20T16:20:02.000Z""},{""codigo"":246,""nome"":""Definitivo"",""dataHora"":""2014-04-03T16:02:47.000Z""}]",322704000000
"00019279419808190002","Busca e Apreensão em Alienação Fiduciária","1980-03-26T00:00:00.000Z","2023-07-17T09:54:48.842Z","Físico",7580,"NITEROI 4 VARA CIVEL",,"G1","[{""codigo"":9582,""nome"":""Alienação Fiduciária""}]","[{""complementosTabelados"":[{""codigo"":2,""valor"":1,""nome"":""competência exclusiva"",""descricao"":""tipo_de_distribuicao_redistribuicao""}],""codigo"":26,""nome"":""Distribuição"",""dataHora"":""1980-03-26T00:00:00.000Z""},{""codigo"":246,""nome"":""Definitivo"",""dataHora"":""1980-06-25T15:45:01.000Z""}]",322876800000
"00014429419808190002","Busca e Apreensão em Alienação Fiduciária","1980-03-26T00:00:00.000Z","2023-07-17T08:28:57.635Z","Físico",7527,"NITEROI 2 VARA CIVEL",,"G1","[{""codigo"":9582,""nome"":""Alienação Fiduciária""}]","[{""complementosTabelados"":[{""codigo"":2,""valor"":1,""nome"":""competência exclusiva"",""descricao"":""tipo_de_distribuicao_redistribuicao""}],""codigo"":26,""nome"":""Distribuição"",""dataHora"":""1980-03-26T00:00:00.000Z""},{""codigo"":246,""nome"":""Definitivo"",""dataHora"":""1981-12-15T10:12:22.000Z""}]",322876800000
"00175293119808190001","Busca e Apreensão em Alienação Fiduciária","1980-03-26T00:00:00.000Z","2023-07-17T08:20:40.165Z","Físico",7791,"CAPITAL 10 VARA CIVEL",,"G1","[{""codigo"":9582,""nome"":""Alienação Fiduciária""}]","[{""complementosTabelados"":[{""codigo"":2,""valor"":1,""nome"":""competência exclusiva"",""descricao"":""tipo_de_distribuicao_redistribuicao""}],""codigo"":26,""nome"":""Distribuição"",""dataHora"":""1980-03-26T00:00:00.000Z""},{""codigo"":246,""nome"":""Definitivo"",""dataHora"":""1982-03-04T16:33:05.000Z""}]",322876800000
"00019261219808190002","Busca e Apreensão em Alienação Fiduciária","1980-04-07T00:00:00.000Z","2023-07-17T08:26:30.823Z","Físico",7580,"NITEROI 4 VARA CIVEL",,"G1","[{""codigo"":9582,""nome"":""Alienação Fiduciária""}]","[{""complementosTabelados"":[{""codigo"":2,""valor"":1,""nome"":""competência exclusiva"",""descricao"":""tipo_de_distribuicao_redistribuicao""}],""codigo"":26,""nome"":""Distribuição"",""dataHora"":""1980-04-07T00:00:00.000Z""},{""codigo"":246,""nome"":""Definitivo"",""dataHora"":""1980-05-27T15:40:57.000Z""}]",323913600000
"00001680819808190031","Busca e Apreensão em Alienação Fiduciária","1980-04-13T00:00:00.000Z","2023-07-17T09:54:19.889Z","Físico",7324,"MARICA 1 VARA CIVEL",,"G1","[{""codigo"":9582,""nome"":""Alienação Fiduciária""}]","[{""complementosTabelados"":[{""codigo"":2,""valor"":1,""nome"":""competência exclusiva"",""descricao"":""tipo_de_distribuicao_redistribuicao""}],""codigo"":26,""nome"":""Distribuição"",""dataHora"":""1980-04-13T00:00:00.000Z""},{""codigo"":246,""nome"":""Definitivo"",""dataHora"":""1980-07-11T10:30:32.000Z""}]",324432000000
"00001699019808190031","Busca e Apreensão em Alienação Fiduciária","1980-04-15T00:00:00.000Z","2023-07-17T09:22:29.001Z","Físico",7324,"MARICA 1 VARA CIVEL",,"G1","[{""codigo"":9582,""nome"":""Alienação Fiduciária""}]","[{""complementosTabelados"":[{""codigo"":2,""valor"":1,""nome"":""competência exclusiva"",""descricao"":""tipo_de_distribuicao_redistribuicao""}],""codigo"":26,""nome"":""Distribuição"",""dataHora"":""1980-04-15T00:00:00.000Z""},{""codigo"":246,""nome"":""Definitivo"",""dataHora"":""1980-07-11T14:26:27.000Z""}]",324604800000
"00016420419808190002","Busca e Apreensão em Alienação Fiduciária","1980-04-15T00:00:00.000Z","2023-07-17T08:53:43.518Z","Físico",7580,"NITEROI 4 VARA CIVEL",,"G1","[{""codigo"":9582,""nome"":""Alienação Fiduciária""}]","[{""complementosTabelados"":[{""codigo"":2,""valor"":1,""nome"":""competência exclusiva"",""descricao"":""tipo_de_distribuicao_redistribuicao""}],""codigo"":26,""nome"":""Distribuição"",""dataHora"":""1980-04-15T00:00:00.000Z""},{""codigo"":246,""nome"":""Definitivo"",""dataHora"":""1980-06-19T11:24:00.000Z""}]",324604800000
"00187678519808190001","Busca e Apreensão em Alienação Fiduciária","1980-04-16T00:00:00.000Z","2023-07-17T09:04:24.040Z","Físico",7805,"CAPITAL 13 VARA CIVEL",,"G1","[{""codigo"":9582,""nome"":""Alienação Fiduciária""}]","[{""complementosTabelados"":[{""codigo"":2,""valor"":1,""nome"":""competência exclusiva"",""descricao"":""tipo_de_distribuicao_redistribuicao""}],""codigo"":26,""nome"":""Distribuição"",""dataHora"":""1980-04-16T00:00:00.000Z""},{""complementosTabelados"":[{""codigo"":3,""valor"":36,""nome"":""para julgamento"",""descricao"":""tipo_de_conclusao""}],""codigo"":51,""nome"":""Conclusão"",""dataHora"":""2012-08-02T15:33:13.000Z""},{""codigo"":92,""nome"":""Publicação"",""dataHora"":""2012-08-02T15:33:13.000Z""},{""codigo"":1061,""nome"":""Disponibilização no Diário da Justiça Eletrônico"",""dataHora"":""2012-08-06T00:00:00.000Z""},{""codigo"":848,""nome"":""Trânsito em julgado"",""dataHora"":""2012-08-28T16:01:28.000Z""},{""codigo"":245,""nome"":""Provisório"",""dataHora"":""1980-08-05T16:15:40.000Z""},{""codigo"":461,""nome"":""Ausência das condições da ação"",""dataHora"":""2012-08-02T15:33:13.000Z""},{""codigo"":246,""nome"":""Definitivo"",""dataHora"":""2013-08-28T15:34:27.000Z""}]",324691200000
"00013909819808190002","Busca e Apreensão em Alienação Fiduciária","1980-04-18T00:00:00.000Z","2023-07-17T08:47:15.334Z","Físico",7527,"NITEROI 2 VARA CIVEL",,"G1","[{""codigo"":9582,""nome"":""Alienação Fiduciária""}]","[{""complementosTabelados"":[{""codigo"":2,""valor"":1,""nome"":""competência exclusiva"",""descricao"":""tipo_de_distribuicao_redistribuicao""}],""codigo"":26,""nome"":""Distribuição"",""dataHora"":""1980-04-18T00:00:00.000Z""},{""codigo"":246,""nome"":""Definitivo"",""dataHora"":""1981-09-23T16:47:14.000Z""}]",324864000000
"00013822419808190002","Busca e Apreensão em Alienação Fiduciária","1980-05-05T00:00:00.000Z","2023-07-17T09:50:41.493Z","Físico",7527,"NITEROI 2 VARA CIVEL",,"G1","[{""codigo"":9582,""nome"":""Alienação Fiduciária""}]","[{""complementosTabelados"":[{""codigo"":2,""valor"":1,""nome"":""competência exclusiva"",""descricao"":""tipo_de_distribuicao_redistribuicao""}],""codigo"":26,""nome"":""Distribuição"",""dataHora"":""1980-05-05T00:00:00.000Z""},{""codigo"":246,""nome"":""Definitivo"",""dataHora"":""1982-03-02T16:22:18.000Z""}]",326332800000
"00237450819808190001","Busca e Apreensão em Alienação Fiduciária","1980-05-21T00:00:00.000Z","2023-07-17T08:24:07.400Z","Físico",7474,"CAPITAL 34 VARA CIVEL",,"G1","[{""codigo"":9582,""nome"":""Alienação Fiduciária""}]","[{""complementosTabelados"":[{""codigo"":2,""valor"":1,""nome"":""competência exclusiva"",""descricao"":""tipo_de_distribuicao_redistribuicao""}],""codigo"":26,""nome"":""Distribuição"",""dataHora"":""1980-05-21T00:00:00.000Z""},{""codigo"":246,""nome"":""Definitivo"",""dataHora"":""1980-09-19T11:39:17.000Z""}]",327715200000
"00239503719808190001","Busca e Apreensão em Alienação Fiduciária","1980-05-21T00:00:00.000Z","2023-07-17T08:52:17.543Z","Físico",7474,"CAPITAL 34 VARA CIVEL",,"G1","[{""codigo"":9582,""nome"":""Alienação Fiduciária""}]","[{""complementosTabelados"":[{""codigo"":2,""valor"":1,""nome"":""competência exclusiva"",""descricao"":""tipo_de_distribuicao_redistribuicao""}],""codigo"":26,""nome"":""Distribuição"",""dataHora"":""1980-05-21T00:00:00.000Z""},{""codigo"":246,""nome"":""Definitivo"",""dataHora"":""1980-07-10T13:29:24.000Z""}]",327715200000
"00019625419808190002","Busca e Apreensão em Alienação Fiduciária","1980-06-26T00:00:00.000Z","2023-07-17T09:32:17.900Z","Físico",7476,"NITEROI 1 VARA CIVEL",,"G1","[{""codigo"":9582,""nome"":""Alienação Fiduciária""}]","[{""complementosTabelados"":[{""codigo"":2,""valor"":1,""nome"":""competência exclusiva"",""descricao"":""tipo_de_distribuicao_redistribuicao""}],""codigo"":26,""nome"":""Distribuição"",""dataHora"":""1980-06-26T00:00:00.000Z""},{""codigo"":246,""nome"":""Definitivo"",""dataHora"":""1980-07-02T10:15:07.000Z""}]",330825600000
"00019235719808190002","Busca e Apreensão em Alienação Fiduciária","1980-07-10T00:00:00.000Z","2023-07-17T09:41:45.875Z","Físico",7580,"NITEROI 4 VARA CIVEL",,"G1","[{""codigo"":9582,""nome"":""Alienação Fiduciária""}]","[{""complementosTabelados"":[{""codigo"":2,""valor"":1,""nome"":""competência exclusiva"",""descricao"":""tipo_de_distribuicao_redistribuicao""}],""codigo"":26,""nome"":""Distribuição"",""dataHora"":""1980-07-10T00:00:00.000Z""},{""codigo"":246,""nome"":""Definitivo"",""dataHora"":""1980-07-31T15:30:14.000Z""}]",332035200000
"00221178119808190001","Busca e Apreensão em Alienação Fiduciária","1980-07-11T00:00:00.000Z","2023-07-17T09:52:44.648Z","Físico",7824,"CAPITAL 18 VARA CIVEL",,"G1","[{""codigo"":9582,""nome"":""Alienação Fiduciária""}]","[{""complementosTabelados"":[{""codigo"":2,""valor"":1,""nome"":""competência exclusiva"",""descricao"":""tipo_de_distribuicao_redistribuicao""}],""codigo"":26,""nome"":""Distribuição"",""dataHora"":""1980-07-11T00:00:00.000Z""},{""codigo"":246,""nome"":""Definitivo"",""dataHora"":""1981-07-15T15:54:08.000Z""}]",332121600000
"00184785519808190001","Busca e Apreensão em Alienação Fiduciária","1980-07-11T00:00:00.000Z","2023-07-17T09:36:43.089Z","Físico",7335,"CAPITAL 9 VARA CIVEL",,"G1","[{""codigo"":9582,""nome"":""Alienação Fiduciária""}]","[{""complementosTabelados"":[{""codigo"":2,""valor"":1,""nome"":""competência exclusiva"",""descricao"":""tipo_de_distribuicao_redistribuicao""}],""codigo"":26,""nome"":""Distribuição"",""dataHora"":""1980-07-11T00:00:00.000Z""},{""codigo"":246,""nome"":""Definitivo"",""dataHora"":""1982-06-05T12:30:52.000Z""}]",332121600000
"00018863019808190002","Busca e Apreensão em Alienação Fiduciária","1980-07-28T00:00:00.000Z","2023-07-17T09:19:42.618Z","Físico",7554,"NITEROI 3 VARA CIVEL",,"G1","[{""codigo"":9582,""nome"":""Alienação Fiduciária""}]","[{""complementosTabelados"":[{""codigo"":2,""valor"":1,""nome"":""competência exclusiva"",""descricao"":""tipo_de_distribuicao_redistribuicao""}],""codigo"":26,""nome"":""Distribuição"",""dataHora"":""1980-07-28T00:00:00.000Z""},{""codigo"":246,""nome"":""Definitivo"",""dataHora"":""1989-08-14T09:57:06.000Z""}]",333590400000
"00014480419808190002","Busca e Apreensão em Alienação Fiduciária","1980-07-30T00:00:00.000Z","2023-07-17T08:52:38.742Z","Físico",7527,"NITEROI 2 VARA CIVEL",,"G1","[{""codigo"":9582,""nome"":""Alienação Fiduciária""}]","[{""complementosTabelados"":[{""codigo"":2,""valor"":1,""nome"":""competência exclusiva"",""descricao"":""tipo_de_distribuicao_redistribuicao""}],""codigo"":26,""nome"":""Distribuição"",""dataHora"":""1980-07-30T00:00:00.000Z""},{""codigo"":246,""nome"":""Definitivo"",""dataHora"":""1981-09-23T10:36:57.000Z""}]",333763200000
"00016568519808190002","Busca e Apreensão em Alienação Fiduciária","1980-08-02T00:00:00.000Z","2023-07-17T09:59:26.808Z","Físico",7580,"NITEROI 4 VARA CIVEL",,"G1","[{""codigo"":8919,""nome"":""Nulidade""}]","[{""complementosTabelados"":[{""codigo"":2,""valor"":1,""nome"":""competência exclusiva"",""descricao"":""tipo_de_distribuicao_redistribuicao""}],""codigo"":26,""nome"":""Distribuição"",""dataHora"":""1980-08-02T00:00:00.000Z""},{""codigo"":135,""nome"":""Apensamento"",""dataHora"":""1992-06-15T14:16:18.000Z""},{""codigo"":246,""nome"":""Definitivo"",""dataHora"":""1992-06-15T14:16:18.000Z""}]",334022400000
"00184906919808190001","Busca e Apreensão em Alienação Fiduciária","1980-08-11T00:00:00.000Z","2023-07-17T08:53:42.937Z","Físico",7335,"CAPITAL 9 VARA CIVEL",,"G1","[{""codigo"":9582,""nome"":""Alienação Fiduciária""}]","[{""complementosTabelados"":[{""codigo"":2,""valor"":1,""nome"":""competência exclusiva"",""descricao"":""tipo_de_distribuicao_redistribuicao""}],""codigo"":26,""nome"":""Distribuição"",""dataHora"":""1980-08-11T00:00:00.000Z""},{""codigo"":246,""nome"":""Definitivo"",""dataHora"":""1982-01-06T14:12:45.000Z""}]",334800000000
"00019374119808190002","Busca e Apreensão em Alienação Fiduciária","1980-08-12T00:00:00.000Z","2023-07-17T09:56:27.126Z","Físico",7580,"NITEROI 4 VARA CIVEL",,"G1","[{""codigo"":9582,""nome"":""Alienação Fiduciária""}]","[{""complementosTabelados"":[{""codigo"":2,""valor"":1,""nome"":""competência exclusiva"",""descricao"":""tipo_de_distribuicao_redistribuicao""}],""codigo"":26,""nome"":""Distribuição"",""dataHora"":""1980-08-12T00:00:00.000Z""},{""codigo"":246,""nome"":""Definitivo"",""dataHora"":""1980-11-05T16:43:10.000Z""}]",334886400000
"00019028119808190002","Busca e Apreensão em Alienação Fiduciária","1980-08-15T00:00:00.000Z","2023-07-17T08:19:30.051Z","Físico",7554,"NITEROI 3 VARA CIVEL",,"G1","[{""codigo"":9582,""nome"":""Alienação Fiduciária""}]","[{""complementosTabelados"":[{""codigo"":2,""valor"":1,""nome"":""competência exclusiva"",""descricao"":""tipo_de_distribuicao_redistribuicao""}],""codigo"":26,""nome"":""Distribuição"",""dataHora"":""1980-08-15T00:00:00.000Z""},{""codigo"":246,""nome"":""Definitivo"",""dataHora"":""1980-09-22T12:03:59.000Z""}]",335145600000
"00013528619808190002","Busca e Apreensão em Alienação Fiduciária","1980-09-03T00:00:00.000Z","2023-07-17T08:57:21.371Z","Físico",7527,"NITEROI 2 VARA CIVEL",,"G1","[{""codigo"":9582,""nome"":""Alienação Fiduciária""}]","[{""complementosTabelados"":[{""codigo"":2,""valor"":1,""nome"":""competência exclusiva"",""descricao"":""tipo_de_distribuicao_redistribuicao""}],""codigo"":26,""nome"":""Distribuição"",""dataHora"":""1980-09-03T00:00:00.000Z""},{""codigo"":246,""nome"":""Definitivo"",""dataHora"":""1981-05-22T14:43:43.000Z""}]",336787200000
"00232462419808190001","Busca e Apreensão em Alienação Fiduciária","1980-09-09T00:00:00.000Z","2023-07-17T09:42:14.409Z","Físico",7791,"CAPITAL 10 VARA CIVEL",,"G1","[{""codigo"":9582,""nome"":""Alienação Fiduciária""}]","[{""complementosTabelados"":[{""codigo"":2,""valor"":1,""nome"":""competência exclusiva"",""descricao"":""tipo_de_distribuicao_redistribuicao""}],""codigo"":26,""nome"":""Distribuição"",""dataHora"":""1980-09-09T00:00:00.000Z""},{""codigo"":246,""nome"":""Definitivo"",""dataHora"":""1981-07-16T15:53:19.000Z""}]",337305600000
"00195411819808190001","Busca e Apreensão em Alienação Fiduciária","1980-09-11T00:00:00.000Z","2023-07-17T09:53:37.984Z","Físico",7805,"CAPITAL 13 VARA CIVEL",,"G1","[{""codigo"":9582,""nome"":""Alienação Fiduciária""}]","[{""complementosTabelados"":[{""codigo"":2,""valor"":1,""nome"":""competência exclusiva"",""descricao"":""tipo_de_distribuicao_redistribuicao""}],""codigo"":26,""nome"":""Distribuição"",""dataHora"":""1980-09-11T00:00:00.000Z""},{""codigo"":246,""nome"":""Definitivo"",""dataHora"":""1981-02-06T15:58:46.000Z""}]",337478400000
"00176505919808190001","Busca e Apreensão em Alienação Fiduciária","1980-09-17T00:00:00.000Z","2023-07-17T08:26:23.175Z","Físico",7791,"CAPITAL 10 VARA CIVEL",,"G1","[{""codigo"":9582,""nome"":""Alienação Fiduciária""}]","[{""complementosTabelados"":[{""codigo"":2,""valor"":1,""nome"":""competência exclusiva"",""descricao"":""tipo_de_distribuicao_redistribuicao""}],""codigo"":26,""nome"":""Distribuição"",""dataHora"":""1980-09-17T00:00:00.000Z""},{""codigo"":246,""nome"":""Definitivo"",""dataHora"":""1980-12-12T13:22:07.000Z""}]",337996800000
"00232489119808190001","Busca e Apreensão em Alienação Fiduciária","1980-09-25T00:00:00.000Z","2023-07-17T08:25:27.699Z","Físico",7791,"CAPITAL 10 VARA CIVEL",,"G1","[{""codigo"":9582,""nome"":""Alienação Fiduciária""}]","[{""complementosTabelados"":[{""codigo"":2,""valor"":1,""nome"":""competência exclusiva"",""descricao"":""tipo_de_distribuicao_redistribuicao""}],""codigo"":26,""nome"":""Distribuição"",""dataHora"":""1980-09-25T00:00:00.000Z""},{""codigo"":246,""nome"":""Definitivo"",""dataHora"":""1981-05-27T16:00:47.000Z""}]",338688000000
"00001492719808190055","Busca e Apreensão em Alienação Fiduciária","1980-10-06T00:00:00.000Z","2023-07-17T09:05:18.675Z","Físico",7930,"SAO PEDRO DA ALDEIA 1 VARA",,"G1","[{""codigo"":9582,""nome"":""Alienação Fiduciária""}]","[{""complementosTabelados"":[{""codigo"":2,""valor"":1,""nome"":""competência exclusiva"",""descricao"":""tipo_de_distribuicao_redistribuicao""}],""codigo"":26,""nome"":""Distribuição"",""dataHora"":""1980-10-06T00:00:00.000Z""},{""codigo"":246,""nome"":""Definitivo"",""dataHora"":""2006-03-29T13:44:03.000Z""}]",339638400000
"00153831719808190001","Busca e Apreensão em Alienação Fiduciária","1980-10-14T00:00:00.000Z","2023-07-17T08:14:29.270Z","Físico",7585,"CAPITAL 1 VARA CIVEL",,"G1","[{""codigo"":9582,""nome"":""Alienação Fiduciária""}]","[{""complementosTabelados"":[{""codigo"":2,""valor"":1,""nome"":""competência exclusiva"",""descricao"":""tipo_de_distribuicao_redistribuicao""}],""codigo"":26,""nome"":""Distribuição"",""dataHora"":""1980-10-14T00:00:00.000Z""},{""complementosTabelados"":[{""codigo"":3,""valor"":36,""nome"":""para julgamento"",""descricao"":""tipo_de_conclusao""}],""codigo"":51,""nome"":""Conclusão"",""dataHora"":""2012-07-20T18:12:23.000Z""},{""codigo"":92,""nome"":""Publicação"",""dataHora"":""2012-07-20T18:12:23.000Z""},{""codigo"":1061,""nome"":""Disponibilização no Diário da Justiça Eletrônico"",""dataHora"":""2012-08-13T00:00:00.000Z""},{""codigo"":848,""nome"":""Trânsito em julgado"",""dataHora"":""2012-09-25T10:59:53.000Z""},{""codigo"":245,""nome"":""Provisório"",""dataHora"":""1981-01-29T11:29:30.000Z""},{""codigo"":461,""nome"":""Ausência das condições da ação"",""dataHora"":""2012-07-20T18:12:23.000Z""},{""codigo"":246,""nome"":""Definitivo"",""dataHora"":""2014-04-12T17:26:36.000Z""}]",340329600000
"00003639019808190031","Busca e Apreensão em Alienação Fiduciária","1980-10-27T00:00:00.000Z","2023-07-17T09:48:33.434Z","Físico",7324,"MARICA 1 VARA CIVEL",,"G1","[{""codigo"":9582,""nome"":""Alienação Fiduciária""}]","[{""complementosTabelados"":[{""codigo"":2,""valor"":1,""nome"":""competência exclusiva"",""descricao"":""tipo_de_distribuicao_redistribuicao""}],""codigo"":26,""nome"":""Distribuição"",""dataHora"":""1980-10-27T00:00:00.000Z""},{""codigo"":246,""nome"":""Definitivo"",""dataHora"":""1982-06-15T16:28:30.000Z""}]",341452800000
"00174184719808190001","Busca e Apreensão em Alienação Fiduciária","1980-10-29T00:00:00.000Z","2023-07-17T08:28:54.984Z","Físico",7791,"CAPITAL 10 VARA CIVEL",,"G1","[{""codigo"":9582,""nome"":""Alienação Fiduciária""}]","[{""complementosTabelados"":[{""codigo"":2,""valor"":1,""nome"":""competência exclusiva"",""descricao"":""tipo_de_distribuicao_redistribuicao""}],""codigo"":26,""nome"":""Distribuição"",""dataHora"":""1980-10-29T00:00:00.000Z""},{""codigo"":246,""nome"":""Definitivo"",""dataHora"":""1983-01-08T14:52:07.000Z""}]",341625600000
"00015919019808190002","Busca e Apreensão em Alienação Fiduciária","1980-11-04T00:00:00.000Z","2023-07-17T09:31:57.386Z","Físico",7580,"NITEROI 4 VARA CIVEL",,"G1","[{""codigo"":9582,""nome"":""Alienação Fiduciária""}]","[{""complementosTabelados"":[{""codigo"":2,""valor"":1,""nome"":""competência exclusiva"",""descricao"":""tipo_de_distribuicao_redistribuicao""}],""codigo"":26,""nome"":""Distribuição"",""dataHora"":""1980-11-04T00:00:00.000Z""},{""codigo"":246,""nome"":""Definitivo"",""dataHora"":""1981-08-05T11:38:20.000Z""}]",342144000000
"00019088819808190002","Busca e Apreensão em Alienação Fiduciária","1980-11-04T00:00:00.000Z","2023-07-17T09:59:12.669Z","Físico",7554,"NITEROI 3 VARA CIVEL",,"G1","[{""codigo"":9582,""nome"":""Alienação Fiduciária""}]","[{""complementosTabelados"":[{""codigo"":2,""valor"":1,""nome"":""competência exclusiva"",""descricao"":""tipo_de_distribuicao_redistribuicao""}],""codigo"":26,""nome"":""Distribuição"",""dataHora"":""1980-11-04T00:00:00.000Z""},{""codigo"":246,""nome"":""Definitivo"",""dataHora"":""1980-11-04T14:16:54.000Z""}]",342144000000
"00178653519808190001","Busca e Apreensão em Alienação Fiduciária","1980-11-04T00:00:00.000Z","2023-07-17T09:16:29.246Z","Físico",7791,"CAPITAL 10 VARA CIVEL",,"G1","[{""codigo"":9582,""nome"":""Alienação Fiduciária""}]","[{""complementosTabelados"":[{""codigo"":2,""valor"":1,""nome"":""competência exclusiva"",""descricao"":""tipo_de_distribuicao_redistribuicao""}],""codigo"":26,""nome"":""Distribuição"",""dataHora"":""1980-11-04T00:00:00.000Z""},{""codigo"":246,""nome"":""Definitivo"",""dataHora"":""1980-11-06T14:10:19.000Z""}]",342144000000
"00238638119808190001","Busca e Apreensão em Alienação Fiduciária","1980-11-05T00:00:00.000Z","2023-07-17T09:07:11.625Z","Físico",7474,"CAPITAL 34 VARA CIVEL",,"G1","[{""codigo"":9582,""nome"":""Alienação Fiduciária""}]","[{""complementosTabelados"":[{""codigo"":2,""valor"":1,""nome"":""competência exclusiva"",""descricao"":""tipo_de_distribuicao_redistribuicao""}],""codigo"":26,""nome"":""Distribuição"",""dataHora"":""1980-11-05T00:00:00.000Z""},{""codigo"":246,""nome"":""Definitivo"",""dataHora"":""1981-06-15T10:46:14.000Z""}]",342230400000
"00014281319808190002","Busca e Apreensão em Alienação Fiduciária","1980-11-11T00:00:00.000Z","2023-07-17T08:21:10.230Z","Físico",7476,"NITEROI 1 VARA CIVEL",,"G1","[{""codigo"":9582,""nome"":""Alienação Fiduciária""}]","[{""complementosTabelados"":[{""codigo"":2,""valor"":1,""nome"":""competência exclusiva"",""descricao"":""tipo_de_distribuicao_redistribuicao""}],""codigo"":26,""nome"":""Distribuição"",""dataHora"":""1980-11-11T00:00:00.000Z""},{""codigo"":246,""nome"":""Definitivo"",""dataHora"":""1981-06-11T14:20:34.000Z""}]",342748800000
"00178930319808190001","Busca e Apreensão em Alienação Fiduciária","1980-11-12T00:00:00.000Z","2023-07-17T08:20:06.079Z","Físico",7791,"CAPITAL 10 VARA CIVEL",,"G1","[{""codigo"":9582,""nome"":""Alienação Fiduciária""}]","[{""complementosTabelados"":[{""codigo"":2,""valor"":1,""nome"":""competência exclusiva"",""descricao"":""tipo_de_distribuicao_redistribuicao""}],""codigo"":26,""nome"":""Distribuição"",""dataHora"":""1980-11-12T00:00:00.000Z""},{""codigo"":246,""nome"":""Definitivo"",""dataHora"":""1980-11-12T15:19:09.000Z""}]",342835200000
"00183451319808190001","Busca e Apreensão em Alienação Fiduciária","1980-11-17T00:00:00.000Z","2023-07-17T08:29:20.792Z","Físico",7335,"CAPITAL 9 VARA CIVEL",,"G1","[{""codigo"":9582,""nome"":""Alienação Fiduciária""}]","[{""complementosTabelados"":[{""codigo"":2,""valor"":1,""nome"":""competência exclusiva"",""descricao"":""tipo_de_distribuicao_redistribuicao""}],""codigo"":26,""nome"":""Distribuição"",""dataHora"":""1980-11-17T00:00:00.000Z""},{""codigo"":246,""nome"":""Definitivo"",""dataHora"":""1981-06-24T11:42:11.000Z""}]",343267200000
"00207242419808190001","Busca e Apreensão em Alienação Fiduciária","1980-11-17T00:00:00.000Z","2023-07-17T09:17:26.098Z","Físico",7814,"CAPITAL 15 VARA CIVEL",,"G1","[{""codigo"":9582,""nome"":""Alienação Fiduciária""}]","[{""complementosTabelados"":[{""codigo"":2,""valor"":1,""nome"":""competência exclusiva"",""descricao"":""tipo_de_distribuicao_redistribuicao""}],""codigo"":26,""nome"":""Distribuição"",""dataHora"":""1980-11-17T00:00:00.000Z""},{""codigo"":246,""nome"":""Definitivo"",""dataHora"":""1981-02-13T14:16:39.000Z""}]",343267200000
"00178896319808190001","Busca e Apreensão em Alienação Fiduciária","1980-11-20T00:00:00.000Z","2023-07-17T08:20:05.061Z","Físico",7791,"CAPITAL 10 VARA CIVEL",,"G1","[{""codigo"":9582,""nome"":""Alienação Fiduciária""}]","[{""complementosTabelados"":[{""codigo"":2,""valor"":1,""nome"":""competência exclusiva"",""descricao"":""tipo_de_distribuicao_redistribuicao""}],""codigo"":26,""nome"":""Distribuição"",""dataHora"":""1980-11-20T00:00:00.000Z""},{""codigo"":246,""nome"":""Definitivo"",""dataHora"":""1980-11-20T15:08:23.000Z""}]",343526400000
"00207190219808190001","Busca e Apreensão em Alienação Fiduciária","1980-11-20T00:00:00.000Z","2023-07-17T09:05:26.549Z","Físico",7814,"CAPITAL 15 VARA CIVEL",,"G1","[{""codigo"":9582,""nome"":""Alienação Fiduciária""}]","[{""complementosTabelados"":[{""codigo"":2,""valor"":1,""nome"":""competência exclusiva"",""descricao"":""tipo_de_distribuicao_redistribuicao""}],""codigo"":26,""nome"":""Distribuição"",""dataHora"":""1980-11-20T00:00:00.000Z""},{""codigo"":246,""nome"":""Definitivo"",""dataHora"":""1980-11-25T13:38:23.000Z""}]",343526400000
"00175284619808190001","Busca e Apreensão em Alienação Fiduciária","1980-12-01T00:00:00.000Z","2023-07-17T08:53:24.400Z","Físico",7791,"CAPITAL 10 VARA CIVEL",,"G1","[{""codigo"":9582,""nome"":""Alienação Fiduciária""}]","[{""complementosTabelados"":[{""codigo"":2,""valor"":1,""nome"":""competência exclusiva"",""descricao"":""tipo_de_distribuicao_redistribuicao""}],""codigo"":26,""nome"":""Distribuição"",""dataHora"":""1980-12-01T00:00:00.000Z""},{""codigo"":246,""nome"":""Definitivo"",""dataHora"":""1982-03-16T16:30:16.000Z""}]",344476800000
"00017157319808190002","Busca e Apreensão em Alienação Fiduciária","1980-12-02T00:00:00.000Z","2023-07-17T09:18:16.726Z","Físico",7580,"NITEROI 4 VARA CIVEL",,"G1","[{""codigo"":9582,""nome"":""Alienação Fiduciária""}]","[{""complementosTabelados"":[{""codigo"":2,""valor"":1,""nome"":""competência exclusiva"",""descricao"":""tipo_de_distribuicao_redistribuicao""}],""codigo"":26,""nome"":""Distribuição"",""dataHora"":""1980-12-02T00:00:00.000Z""},{""codigo"":246,""nome"":""Definitivo"",""dataHora"":""1981-01-23T09:19:34.000Z""}]",344563200000
"00014264319808190002","Busca e Apreensão em Alienação Fiduciária","1980-12-02T00:00:00.000Z","2023-07-17T09:53:42.942Z","Físico",7580,"NITEROI 4 VARA CIVEL",,"G1","[{""codigo"":9582,""nome"":""Alienação Fiduciária""}]","[{""complementosTabelados"":[{""codigo"":2,""valor"":1,""nome"":""competência exclusiva"",""descricao"":""tipo_de_distribuicao_redistribuicao""}],""codigo"":26,""nome"":""Distribuição"",""dataHora"":""1980-12-02T00:00:00.000Z""},{""codigo"":246,""nome"":""Definitivo"",""dataHora"":""1981-11-13T13:52:24.000Z""}]",344563200000
"00202549019808190001","Busca e Apreensão em Alienação Fiduciária","1980-12-04T00:00:00.000Z","2023-07-17T09:19:37.877Z","Físico",7805,"CAPITAL 13 VARA CIVEL",,"G1","[{""codigo"":9582,""nome"":""Alienação Fiduciária""}]","[{""complementosTabelados"":[{""codigo"":2,""valor"":1,""nome"":""competência exclusiva"",""descricao"":""tipo_de_distribuicao_redistribuicao""}],""codigo"":26,""nome"":""Distribuição"",""dataHora"":""1980-12-04T00:00:00.000Z""},{""complementosTabelados"":[{""codigo"":3,""valor"":36,""nome"":""para julgamento"",""descricao"":""tipo_de_conclusao""}],""codigo"":51,""nome"":""Conclusão"",""dataHora"":""2012-08-02T17:59:00.000Z""},{""codigo"":92,""nome"":""Publicação"",""dataHora"":""2012-08-02T17:59:00.000Z""},{""codigo"":1061,""nome"":""Disponibilização no Diário da Justiça Eletrônico"",""dataHora"":""2012-08-07T00:00:00.000Z""},{""codigo"":848,""nome"":""Trânsito em julgado"",""dataHora"":""2012-08-28T16:02:19.000Z""},{""codigo"":245,""nome"":""Provisório"",""dataHora"":""1984-12-07T11:02:11.000Z""},{""codigo"":461,""nome"":""Ausência das condições da ação"",""dataHora"":""2012-08-02T17:59:00.000Z""},{""codigo"":246,""nome"":""Definitivo"",""dataHora"":""2013-08-28T12:33:14.000Z""}]",344736000000
"00153823219808190001","Busca e Apreensão em Alienação Fiduciária","1980-12-10T00:00:00.000Z","2023-07-17T09:16:10.409Z","Físico",7585,"CAPITAL 1 VARA CIVEL",,"G1","[{""codigo"":9582,""nome"":""Alienação Fiduciária""}]","[{""complementosTabelados"":[{""codigo"":2,""valor"":1,""nome"":""competência exclusiva"",""descricao"":""tipo_de_distribuicao_redistribuicao""}],""codigo"":26,""nome"":""Distribuição"",""dataHora"":""1980-12-10T00:00:00.000Z""},{""complementosTabelados"":[{""codigo"":3,""valor"":36,""nome"":""para julgamento"",""descricao"":""tipo_de_conclusao""}],""codigo"":51,""nome"":""Conclusão"",""dataHora"":""2012-07-20T18:12:23.000Z""},{""codigo"":92,""nome"":""Publicação"",""dataHora"":""2012-07-20T18:12:23.000Z""},{""codigo"":1061,""nome"":""Disponibilização no Diário da Justiça Eletrônico"",""dataHora"":""2012-08-13T00:00:00.000Z""},{""codigo"":848,""nome"":""Trânsito em julgado"",""dataHora"":""2012-09-25T10:59:53.000Z""},{""codigo"":245,""nome"":""Provisório"",""dataHora"":""1981-06-24T11:27:07.000Z""},{""codigo"":461,""nome"":""Ausência das condições da ação"",""dataHora"":""2012-07-20T18:12:23.000Z""},{""codigo"":246,""nome"":""Definitivo"",""dataHora"":""2014-04-12T17:27:32.000Z""}]",345254400000
"00207250919808190001","Busca e Apreensão em Alienação Fiduciária","1980-12-18T00:00:00.000Z","2023-07-17T09:42:09.956Z","Físico",7814,"CAPITAL 15 VARA CIVEL",,"G1","[{""codigo"":9582,""nome"":""Alienação Fiduciária""}]","[{""complementosTabelados"":[{""codigo"":2,""valor"":1,""nome"":""competência exclusiva"",""descricao"":""tipo_de_distribuicao_redistribuicao""}],""codigo"":26,""nome"":""Distribuição"",""dataHora"":""1980-12-18T00:00:00.000Z""},{""codigo"":246,""nome"":""Definitivo"",""dataHora"":""1981-01-22T14:27:10.000Z""}]",345945600000
"00154646319808190001","Busca e Apreensão em Alienação Fiduciária","1980-12-23T00:00:00.000Z","2023-07-17T08:57:40.559Z","Físico",7585,"CAPITAL 1 VARA CIVEL",,"G1","[{""codigo"":9582,""nome"":""Alienação Fiduciária""}]","[{""complementosTabelados"":[{""codigo"":2,""valor"":1,""nome"":""competência exclusiva"",""descricao"":""tipo_de_distribuicao_redistribuicao""}],""codigo"":26,""nome"":""Distribuição"",""dataHora"":""1980-12-23T00:00:00.000Z""},{""complementosTabelados"":[{""codigo"":3,""valor"":36,""nome"":""para julgamento"",""descricao"":""tipo_de_conclusao""}],""codigo"":51,""nome"":""Conclusão"",""dataHora"":""2012-07-20T16:20:20.000Z""},{""codigo"":92,""nome"":""Publicação"",""dataHora"":""2012-07-20T16:20:20.000Z""},{""codigo"":1061,""nome"":""Disponibilização no Diário da Justiça Eletrônico"",""dataHora"":""2012-08-13T00:00:00.000Z""},{""codigo"":848,""nome"":""Trânsito em julgado"",""dataHora"":""2012-09-25T11:00:00.000Z""},{""codigo"":245,""nome"":""Provisório"",""dataHora"":""1982-06-30T10:14:36.000Z""},{""codigo"":461,""nome"":""Ausência das condições da ação"",""dataHora"":""2012-07-20T16:20:20.000Z""},{""codigo"":246,""nome"":""Definitivo"",""dataHora"":""2014-04-03T16:09:06.000Z""}]",346377600000
"00205987119808190001","Busca e Apreensão em Alienação Fiduciária","1980-12-26T00:00:00.000Z","2023-07-17T09:05:14.044Z","Físico",7814,"CAPITAL 15 VARA CIVEL",,"G1","[{""codigo"":9582,""nome"":""Alienação Fiduciária""}]","[{""complementosTabelados"":[{""codigo"":2,""valor"":1,""nome"":""competência exclusiva"",""descricao"":""tipo_de_distribuicao_redistribuicao""}],""codigo"":26,""nome"":""Distribuição"",""dataHora"":""1980-12-26T00:00:00.000Z""},{""codigo"":246,""nome"":""Definitivo"",""dataHora"":""1981-04-23T13:57:16.000Z""}]",346636800000
"00206012619808190001","Busca e Apreensão em Alienação Fiduciária","1980-12-30T00:00:00.000Z","2023-07-17T08:23:56.996Z","Físico",7814,"CAPITAL 15 VARA CIVEL",,"G1","[{""codigo"":9582,""nome"":""Alienação Fiduciária""}]","[{""complementosTabelados"":[{""codigo"":2,""valor"":1,""nome"":""competência exclusiva"",""descricao"":""tipo_de_distribuicao_redistribuicao""}],""codigo"":26,""nome"":""Distribuição"",""dataHora"":""1980-12-30T00:00:00.000Z""},{""codigo"":246,""nome"":""Definitivo"",""dataHora"":""1981-08-25T14:43:26.000Z""}]",346982400000
"00160393719818190001","Busca e Apreensão em Alienação Fiduciária","1981-01-15T00:00:00.000Z","2023-07-17T09:04:23.233Z","Físico",7791,"CAPITAL 10 VARA CIVEL",,"G1","[{""codigo"":9582,""nome"":""Alienação Fiduciária""}]","[{""complementosTabelados"":[{""codigo"":2,""valor"":1,""nome"":""competência exclusiva"",""descricao"":""tipo_de_distribuicao_redistribuicao""}],""codigo"":26,""nome"":""Distribuição"",""dataHora"":""1981-01-15T00:00:00.000Z""},{""codigo"":246,""nome"":""Definitivo"",""dataHora"":""1982-04-02T15:47:31.000Z""}]",348364800000
"00199878419818190001","Busca e Apreensão em Alienação Fiduciária","1981-01-22T00:00:00.000Z","2023-07-17T08:28:01.119Z","Físico",7814,"CAPITAL 15 VARA CIVEL",,"G1","[{""codigo"":9582,""nome"":""Alienação Fiduciária""}]","[{""complementosTabelados"":[{""codigo"":2,""valor"":1,""nome"":""competência exclusiva"",""descricao"":""tipo_de_distribuicao_redistribuicao""}],""codigo"":26,""nome"":""Distribuição"",""dataHora"":""1981-01-22T00:00:00.000Z""},{""codigo"":246,""nome"":""Definitivo"",""dataHora"":""1981-04-02T13:32:33.000Z""}]",348969600000
"00199903919818190001","Busca e Apreensão em Alienação Fiduciária","1981-01-26T00:00:00.000Z","2023-07-17T08:27:46.843Z","Físico",7814,"CAPITAL 15 VARA CIVEL",,"G1","[{""codigo"":9582,""nome"":""Alienação Fiduciária""}]","[{""complementosTabelados"":[{""codigo"":2,""valor"":1,""nome"":""competência exclusiva"",""descricao"":""tipo_de_distribuicao_redistribuicao""}],""codigo"":26,""nome"":""Distribuição"",""dataHora"":""1981-01-26T00:00:00.000Z""},{""codigo"":246,""nome"":""Definitivo"",""dataHora"":""1984-01-16T13:36:07.000Z""}]",349315200000
"00171549319818190001","Busca e Apreensão em Alienação Fiduciária","1981-02-04T00:00:00.000Z","2023-07-17T09:18:13.453Z","Físico",7335,"CAPITAL 9 VARA CIVEL",,"G1","[{""codigo"":9582,""nome"":""Alienação Fiduciária""}]","[{""complementosTabelados"":[{""codigo"":2,""valor"":1,""nome"":""competência exclusiva"",""descricao"":""tipo_de_distribuicao_redistribuicao""}],""codigo"":26,""nome"":""Distribuição"",""dataHora"":""1981-02-04T00:00:00.000Z""},{""codigo"":246,""nome"":""Definitivo"",""dataHora"":""1981-05-29T14:35:54.000Z""}]",350092800000
"00235161419818190001","Busca e Apreensão em Alienação Fiduciária","1981-02-10T00:00:00.000Z","2023-07-17T08:21:08.371Z","Físico",7187,"CAPITAL 20 VARA CIVEL",,"G1","[{""codigo"":9582,""nome"":""Alienação Fiduciária""}]","[{""complementosTabelados"":[{""codigo"":2,""valor"":1,""nome"":""competência exclusiva"",""descricao"":""tipo_de_distribuicao_redistribuicao""}],""codigo"":26,""nome"":""Distribuição"",""dataHora"":""1981-02-10T00:00:00.000Z""},{""codigo"":246,""nome"":""Definitivo"",""dataHora"":""1989-04-27T10:48:16.000Z""}]",350611200000
"00020392919818190002","Busca e Apreensão em Alienação Fiduciária","1981-02-12T00:00:00.000Z","2023-07-17T08:29:23.076Z","Físico",7580,"NITEROI 4 VARA CIVEL",,"G1","[{""codigo"":9582,""nome"":""Alienação Fiduciária""}]","[{""complementosTabelados"":[{""codigo"":2,""valor"":1,""nome"":""competência exclusiva"",""descricao"":""tipo_de_distribuicao_redistribuicao""}],""codigo"":26,""nome"":""Distribuição"",""dataHora"":""1981-02-12T00:00:00.000Z""},{""codigo"":246,""nome"":""Definitivo"",""dataHora"":""1981-06-25T11:33:58.000Z""}]",350784000000
"00201774719818190001","Busca e Apreensão em Alienação Fiduciária","1981-02-18T00:00:00.000Z","2023-07-17T08:22:00.103Z","Físico",7814,"CAPITAL 15 VARA CIVEL",,"G1","[{""codigo"":9582,""nome"":""Alienação Fiduciária""}]","[{""complementosTabelados"":[{""codigo"":2,""valor"":1,""nome"":""competência exclusiva"",""descricao"":""tipo_de_distribuicao_redistribuicao""}],""codigo"":26,""nome"":""Distribuição"",""dataHora"":""1981-02-18T00:00:00.000Z""},{""codigo"":246,""nome"":""Definitivo"",""dataHora"":""1981-03-26T14:00:11.000Z""}]",351302400000
"00270696919818190001","Busca e Apreensão em Alienação Fiduciária","1981-03-09T00:00:00.000Z","2023-07-17T08:59:44.645Z","Físico",7474,"CAPITAL 34 VARA CIVEL",,"G1","[{""codigo"":9582,""nome"":""Alienação Fiduciária""}]","[{""complementosTabelados"":[{""codigo"":2,""valor"":1,""nome"":""competência exclusiva"",""descricao"":""tipo_de_distribuicao_redistribuicao""}],""codigo"":26,""nome"":""Distribuição"",""dataHora"":""1981-03-09T00:00:00.000Z""},{""codigo"":246,""nome"":""Definitivo"",""dataHora"":""1981-05-14T13:26:42.000Z""}]",352944000000
"00201921619818190001","Busca e Apreensão em Alienação Fiduciária","1981-03-09T00:00:00.000Z","2023-07-17T08:46:55.986Z","Físico",7814,"CAPITAL 15 VARA CIVEL",,"G1","[{""codigo"":9582,""nome"":""Alienação Fiduciária""}]","[{""complementosTabelados"":[{""codigo"":2,""valor"":1,""nome"":""competência exclusiva"",""descricao"":""tipo_de_distribuicao_redistribuicao""}],""codigo"":26,""nome"":""Distribuição"",""dataHora"":""1981-03-09T00:00:00.000Z""},{""codigo"":246,""nome"":""Definitivo"",""dataHora"":""1981-08-06T16:22:34.000Z""}]",352944000000
"00175142819818190001","Busca e Apreensão em Alienação Fiduciária","1981-03-10T00:00:00.000Z","2023-07-17T09:17:55.027Z","Físico",7335,"CAPITAL 9 VARA CIVEL",,"G1","[{""codigo"":9582,""nome"":""Alienação Fiduciária""}]","[{""complementosTabelados"":[{""codigo"":2,""valor"":1,""nome"":""competência exclusiva"",""descricao"":""tipo_de_distribuicao_redistribuicao""}],""codigo"":26,""nome"":""Distribuição"",""dataHora"":""1981-03-10T00:00:00.000Z""},{""codigo"":246,""nome"":""Definitivo"",""dataHora"":""1982-01-06T14:05:07.000Z""}]",353030400000
"00245640819818190001","Busca e Apreensão em Alienação Fiduciária","1981-03-12T00:00:00.000Z","2023-07-17T08:18:41.287Z","Físico",7791,"CAPITAL 10 VARA CIVEL",,"G1","[{""codigo"":9582,""nome"":""Alienação Fiduciária""}]","[{""complementosTabelados"":[{""codigo"":2,""valor"":1,""nome"":""competência exclusiva"",""descricao"":""tipo_de_distribuicao_redistribuicao""}],""codigo"":26,""nome"":""Distribuição"",""dataHora"":""1981-03-12T00:00:00.000Z""},{""codigo"":246,""nome"":""Definitivo"",""dataHora"":""1982-07-27T16:40:34.000Z""}]",353203200000
"00160073219818190001","Busca e Apreensão em Alienação Fiduciária","1981-03-16T00:00:00.000Z","2023-07-17T08:25:34.857Z","Físico",7791,"CAPITAL 10 VARA CIVEL",,"G1","[{""codigo"":9582,""nome"":""Alienação Fiduciária""}]","[{""complementosTabelados"":[{""codigo"":2,""valor"":1,""nome"":""competência exclusiva"",""descricao"":""tipo_de_distribuicao_redistribuicao""}],""codigo"":26,""nome"":""Distribuição"",""dataHora"":""1981-03-16T00:00:00.000Z""},{""codigo"":246,""nome"":""Definitivo"",""dataHora"":""1984-05-24T13:29:44.000Z""}]",353548800000
"00175411119818190001","Busca e Apreensão em Alienação Fiduciária","1981-03-25T00:00:00.000Z","2023-07-17T09:13:28.001Z","Físico",7335,"CAPITAL 9 VARA CIVEL",,"G1","[{""codigo"":9582,""nome"":""Alienação Fiduciária""}]","[{""complementosTabelados"":[{""codigo"":2,""valor"":1,""nome"":""competência exclusiva"",""descricao"":""tipo_de_distribuicao_redistribuicao""}],""codigo"":26,""nome"":""Distribuição"",""dataHora"":""1981-03-25T00:00:00.000Z""},{""codigo"":246,""nome"":""Definitivo"",""dataHora"":""1981-12-07T15:11:49.000Z""}]",354326400000
"00201818419818190001","Busca e Apreensão em Alienação Fiduciária","1981-03-26T00:00:00.000Z","2023-07-17T09:04:39.822Z","Físico",7814,"CAPITAL 15 VARA CIVEL",,"G1","[{""codigo"":9582,""nome"":""Alienação Fiduciária""}]","[{""complementosTabelados"":[{""codigo"":2,""valor"":1,""nome"":""competência exclusiva"",""descricao"":""tipo_de_distribuicao_redistribuicao""}],""codigo"":26,""nome"":""Distribuição"",""dataHora"":""1981-03-26T00:00:00.000Z""},{""codigo"":246,""nome"":""Definitivo"",""dataHora"":""1981-05-12T14:49:56.000Z""}]",354412800000
"00158038519818190001","Busca e Apreensão em Alienação Fiduciária","1981-03-27T00:00:00.000Z","2023-07-17T10:00:20.104Z","Físico",7791,"CAPITAL 10 VARA CIVEL",,"G1","[{""codigo"":9582,""nome"":""Alienação Fiduciária""}]","[{""complementosTabelados"":[{""codigo"":2,""valor"":1,""nome"":""competência exclusiva"",""descricao"":""tipo_de_distribuicao_redistribuicao""}],""codigo"":26,""nome"":""Distribuição"",""dataHora"":""1981-03-27T00:00:00.000Z""},{""codigo"":246,""nome"":""Definitivo"",""dataHora"":""1993-08-25T16:26:11.000Z""}]",354499200000
"00016192419818190002","Busca e Apreensão em Alienação Fiduciária","1981-04-02T00:00:00.000Z","2023-07-17T08:55:43.987Z","Físico",7580,"NITEROI 4 VARA CIVEL",,"G1","[{""codigo"":9582,""nome"":""Alienação Fiduciária""}]","[{""complementosTabelados"":[{""codigo"":2,""valor"":1,""nome"":""competência exclusiva"",""descricao"":""tipo_de_distribuicao_redistribuicao""}],""codigo"":26,""nome"":""Distribuição"",""dataHora"":""1981-04-02T00:00:00.000Z""},{""codigo"":246,""nome"":""Definitivo"",""dataHora"":""1982-02-10T15:00:17.000Z""}]",355017600000
"00226934019818190001","Busca e Apreensão em Alienação Fiduciária","1981-04-06T00:00:00.000Z","2023-07-17T08:54:11.126Z","Físico",7187,"CAPITAL 20 VARA CIVEL",,"G1","[{""codigo"":9582,""nome"":""Alienação Fiduciária""}]","[{""complementosTabelados"":[{""codigo"":2,""valor"":1,""nome"":""competência exclusiva"",""descricao"":""tipo_de_distribuicao_redistribuicao""}],""codigo"":26,""nome"":""Distribuição"",""dataHora"":""1981-04-06T00:00:00.000Z""},{""codigo"":246,""nome"":""Definitivo"",""dataHora"":""1981-06-22T15:36:41.000Z""}]",355363200000
"00160957019818190001","Busca e Apreensão em Alienação Fiduciária","1981-04-08T00:00:00.000Z","2023-07-17T08:21:46.884Z","Físico",7791,"CAPITAL 10 VARA CIVEL",,"G1","[{""codigo"":9582,""nome"":""Alienação Fiduciária""}]","[{""complementosTabelados"":[{""codigo"":2,""valor"":1,""nome"":""competência exclusiva"",""descricao"":""tipo_de_distribuicao_redistribuicao""}],""codigo"":26,""nome"":""Distribuição"",""dataHora"":""1981-04-08T00:00:00.000Z""},{""codigo"":246,""nome"":""Definitivo"",""dataHora"":""1981-04-29T10:52:20.000Z""}]",355536000000
"00200398019818190001","Busca e Apreensão em Alienação Fiduciária","1981-04-10T00:00:00.000Z","2023-07-17T08:24:48.162Z","Físico",7814,"CAPITAL 15 VARA CIVEL",,"G1","[{""codigo"":9582,""nome"":""Alienação Fiduciária""}]","[{""complementosTabelados"":[{""codigo"":2,""valor"":1,""nome"":""competência exclusiva"",""descricao"":""tipo_de_distribuicao_redistribuicao""}],""codigo"":26,""nome"":""Distribuição"",""dataHora"":""1981-04-10T00:00:00.000Z""},{""codigo"":246,""nome"":""Definitivo"",""dataHora"":""1981-04-20T15:15:59.000Z""}]",355708800000
"00226293019818190001","Busca e Apreensão em Alienação Fiduciária","1981-04-23T00:00:00.000Z","2023-07-17T08:25:41.185Z","Físico",7187,"CAPITAL 20 VARA CIVEL",,"G1","[{""codigo"":9582,""nome"":""Alienação Fiduciária""}]","[{""complementosTabelados"":[{""codigo"":2,""valor"":1,""nome"":""competência exclusiva"",""descricao"":""tipo_de_distribuicao_redistribuicao""}],""codigo"":26,""nome"":""Distribuição"",""dataHora"":""1981-04-23T00:00:00.000Z""},{""codigo"":246,""nome"":""Definitivo"",""dataHora"":""1983-04-18T16:37:22.000Z""}]",356832000000
"00157856419818190001","Busca e Apreensão em Alienação Fiduciária","1981-04-24T00:00:00.000Z","2023-07-17T08:56:50.866Z","Físico",7791,"CAPITAL 10 VARA CIVEL",,"G1","[{""codigo"":9582,""nome"":""Alienação Fiduciária""}]","[{""complementosTabelados"":[{""codigo"":2,""valor"":1,""nome"":""competência exclusiva"",""descricao"":""tipo_de_distribuicao_redistribuicao""}],""codigo"":26,""nome"":""Distribuição"",""dataHora"":""1981-04-24T00:00:00.000Z""},{""codigo"":246,""nome"":""Definitivo"",""dataHora"":""1981-07-13T12:01:06.000Z""}]",356918400000
"00200069019818190001","Busca e Apreensão em Alienação Fiduciária","1981-04-24T00:00:00.000Z","2023-07-17T09:54:34.249Z","Físico",7814,"CAPITAL 15 VARA CIVEL",,"G1","[{""codigo"":9582,""nome"":""Alienação Fiduciária""}]","[{""complementosTabelados"":[{""codigo"":2,""valor"":1,""nome"":""competência exclusiva"",""descricao"":""tipo_de_distribuicao_redistribuicao""}],""codigo"":26,""nome"":""Distribuição"",""dataHora"":""1981-04-24T00:00:00.000Z""},{""codigo"":246,""nome"":""Definitivo"",""dataHora"":""1981-05-06T14:10:37.000Z""}]",356918400000
"00227981719818190001","Busca e Apreensão em Alienação Fiduciária","1981-04-27T00:00:00.000Z","2023-07-17T08:25:30.137Z","Físico",7193,"CAPITAL 21 VARA CIVEL",,"G1","[{""codigo"":9582,""nome"":""Alienação Fiduciária""}]","[{""complementosTabelados"":[{""codigo"":2,""valor"":1,""nome"":""competência exclusiva"",""descricao"":""tipo_de_distribuicao_redistribuicao""}],""codigo"":26,""nome"":""Distribuição"",""dataHora"":""1981-04-27T00:00:00.000Z""},{""codigo"":246,""nome"":""Definitivo"",""dataHora"":""1981-11-30T11:42:14.000Z""}]",357177600000
"00270705419818190001","Busca e Apreensão em Alienação Fiduciária","1981-04-28T00:00:00.000Z","2023-07-17T09:17:32.778Z","Físico",7474,"CAPITAL 34 VARA CIVEL",,"G1","[{""codigo"":9582,""nome"":""Alienação Fiduciária""}]","[{""complementosTabelados"":[{""codigo"":2,""valor"":1,""nome"":""competência exclusiva"",""descricao"":""tipo_de_distribuicao_redistribuicao""}],""codigo"":26,""nome"":""Distribuição"",""dataHora"":""1981-04-28T00:00:00.000Z""},{""codigo"":246,""nome"":""Definitivo"",""dataHora"":""1981-06-09T13:45:25.000Z""}]",357264000000
"00160982519818190001","Busca e Apreensão em Alienação Fiduciária","1981-05-05T00:00:00.000Z","2023-07-17T09:05:08.503Z","Físico",7791,"CAPITAL 10 VARA CIVEL",,"G1","[{""codigo"":9582,""nome"":""Alienação Fiduciária""}]","[{""complementosTabelados"":[{""codigo"":2,""valor"":1,""nome"":""competência exclusiva"",""descricao"":""tipo_de_distribuicao_redistribuicao""}],""codigo"":26,""nome"":""Distribuição"",""dataHora"":""1981-05-05T00:00:00.000Z""},{""codigo"":246,""nome"":""Definitivo"",""dataHora"":""1981-09-15T10:54:31.000Z""}]",357868800000